{"mean":{"confidence_interval":{"confidence_level":0.95,"lower_bound":108026.47015508775,"upper_bound":108295.97320461401},"point_estimate":108155.67764488523,"standard_error":68.82739476084816},"median":{"confidence_interval":{"confidence_level":0.95,"lower_bound":107956.62310030396,"upper_bound":108207.85085034014},"point_estimate":108084.52255639098,"standard_error":61.62250410604428},"median_abs_dev":{"confidence_interval":{"confidence_level":0.95,"lower_bound":270.90787117726717,"upper_bound":577.2177794979415},"point_estimate":453.3987021944736,"standard_error":77.09595573389375},"slope":{"confidence_interval":{"confidence_level":0.95,"lower_bound":107843.93793396375,"upper_bound":108018.69121906838},"point_estimate":107927.8038905067,"standard_error":44.4317163183863},"std_dev":{"confidence_interval":{"confidence_level":0.95,"lower_bound":339.7169008195322,"upper_bound":615.1904696455559},"point_estimate":489.5989325483762,"standard_error":70.69852809677549}}