{"mean":{"confidence_interval":{"confidence_level":0.95,"lower_bound":-0.08229473763718392,"upper_bound":-0.076367528093503},"point_estimate":-0.07957109902313364,"standard_error":0.001517573198468891},"median":{"confidence_interval":{"confidence_level":0.95,"lower_bound":-0.08474779314010439,"upper_bound":-0.08258305926096032},"point_estimate":-0.0835521084060441,"standard_error":0.00045666926932807567}}