{"mean":{"confidence_interval":{"confidence_level":0.95,"lower_bound":2.434957051443938,"upper_bound":2.4606440370364067},"point_estimate":2.4482672114234014,"standard_error":0.006873905927866643},"median":{"confidence_interval":{"confidence_level":0.95,"lower_bound":2.4262169246594882,"upper_bound":2.4420914298433103},"point_estimate":2.4288150262819803,"standard_error":0.004025516685198253}}