{"mean":{"confidence_interval":{"confidence_level":0.95,"lower_bound":0.011197358935909452,"upper_bound":0.013913417498246483},"point_estimate":0.0127370292758755,"standard_error":0.0006762222619301033},"median":{"confidence_interval":{"confidence_level":0.95,"lower_bound":0.013590959078549902,"upper_bound":0.014156939815868519},"point_estimate":0.01386648051528927,"standard_error":0.00014483137647192717}}