{"mean":{"confidence_interval":{"confidence_level":0.95,"lower_bound":2.4470769394971597,"upper_bound":2.453384308798636},"point_estimate":2.450094141670988,"standard_error":0.001677840416136626},"median":{"confidence_interval":{"confidence_level":0.95,"lower_bound":2.4462985666182853,"upper_bound":2.448098166534076},"point_estimate":2.447196823591112,"standard_error":0.0004653296273678543}}