{"mean":{"confidence_interval":{"confidence_level":0.95,"lower_bound":-0.05344926433701036,"upper_bound":-0.04646601705036646},"point_estimate":-0.049861431992584304,"standard_error":0.0017779141082336996},"median":{"confidence_interval":{"confidence_level":0.95,"lower_bound":-0.05442556834316781,"upper_bound":-0.05094821029963292},"point_estimate":-0.05318036372786916,"standard_error":0.00100139621163181}}