{"mean":{"confidence_interval":{"confidence_level":0.95,"lower_bound":-0.006982129892060374,"upper_bound":-0.006440738790714768},"point_estimate":-0.0067217022157004536,"standard_error":0.00013812369988948153},"median":{"confidence_interval":{"confidence_level":0.95,"lower_bound":-0.007122380574633769,"upper_bound":-0.006606759232083981},"point_estimate":-0.006883375900029409,"standard_error":0.00013262962010649333}}