{"mean":{"confidence_interval":{"confidence_level":0.95,"lower_bound":2.653085797135365,"upper_bound":2.675040964338597},"point_estimate":2.6638851237238597,"standard_error":0.005821017303282583},"median":{"confidence_interval":{"confidence_level":0.95,"lower_bound":2.6499850540997785,"upper_bound":2.6688428783608473},"point_estimate":2.6553834986752287,"standard_error":0.004727553356502294}}