{"mean":{"confidence_interval":{"confidence_level":0.95,"lower_bound":-0.07246877645933625,"upper_bound":-0.06923024794516706},"point_estimate":-0.07100355147082194,"standard_error":0.000825573584086479},"median":{"confidence_interval":{"confidence_level":0.95,"lower_bound":-0.07398797676543833,"upper_bound":-0.07207400485194781},"point_estimate":-0.0733724242579965,"standard_error":0.0004930674211554536}}