{"mean":{"confidence_interval":{"confidence_level":0.95,"lower_bound":0.000321054953861033,"upper_bound":0.003279894128209948},"point_estimate":0.0018037023533208352,"standard_error":0.0007587277555401831},"median":{"confidence_interval":{"confidence_level":0.95,"lower_bound":0.0012315041846282515,"upper_bound":0.0020456993489506026},"point_estimate":0.0016313124887179509,"standard_error":0.00021259045135919538}}