{"mean":{"confidence_interval":{"confidence_level":0.95,"lower_bound":-0.06386154377103144,"upper_bound":-0.056982221705602874},"point_estimate":-0.060425282518702716,"standard_error":0.0017545017282020307},"median":{"confidence_interval":{"confidence_level":0.95,"lower_bound":-0.06958202818557135,"upper_bound":-0.05243787907756314},"point_estimate":-0.06217906598492762,"standard_error":0.005525011334690885}}