{"mean":{"confidence_interval":{"confidence_level":0.95,"lower_bound":1.5959164084028947,"upper_bound":1.5992575108727252},"point_estimate":1.5975047226852443,"standard_error":0.0008637384162607697},"median":{"confidence_interval":{"confidence_level":0.95,"lower_bound":1.5962209521728334,"upper_bound":1.597853799947575},"point_estimate":1.596986383747602,"standard_error":0.0004129131975144154}}