{"mean":{"confidence_interval":{"confidence_level":0.95,"lower_bound":-0.0107045530279895,"upper_bound":-0.009692064942390027},"point_estimate":-0.010201291147691416,"standard_error":0.00025942196344245263},"median":{"confidence_interval":{"confidence_level":0.95,"lower_bound":-0.010706688835546263,"upper_bound":-0.009968516081756973},"point_estimate":-0.010351168295909763,"standard_error":0.00018925659786497647}}