{"mean":{"confidence_interval":{"confidence_level":0.95,"lower_bound":1.9494012136755867,"upper_bound":1.9688253012419188},"point_estimate":1.959139718883348,"standard_error":0.004979996154823089},"median":{"confidence_interval":{"confidence_level":0.95,"lower_bound":1.9398486506214114,"upper_bound":1.9636949454611197},"point_estimate":1.9463380120183373,"standard_error":0.00649613765564094}}