{"mean":{"confidence_interval":{"confidence_level":0.95,"lower_bound":-0.005798035753573183,"upper_bound":-0.0029982397372730783},"point_estimate":-0.004661507468248449,"standard_error":0.0007158559908122531},"median":{"confidence_interval":{"confidence_level":0.95,"lower_bound":-0.005389352734530339,"upper_bound":-0.004724644454104809},"point_estimate":-0.005008382128177669,"standard_error":0.0001730603295902858}}