{"mean":{"confidence_interval":{"confidence_level":0.95,"lower_bound":-0.10129789258749089,"upper_bound":-0.09944304419165928},"point_estimate":-0.10031787395630465,"standard_error":0.00047017559448597534},"median":{"confidence_interval":{"confidence_level":0.95,"lower_bound":-0.10099869218121438,"upper_bound":-0.09999078693030572},"point_estimate":-0.10055608124009874,"standard_error":0.00026363275105101123}}