{"mean":{"confidence_interval":{"confidence_level":0.95,"lower_bound":2.276792200051756,"upper_bound":2.2858602568658326},"point_estimate":2.28090107977124,"standard_error":0.002358194741728776},"median":{"confidence_interval":{"confidence_level":0.95,"lower_bound":2.2739064331347585,"upper_bound":2.2797400072457257},"point_estimate":2.276258618510879,"standard_error":0.0014395891996304387}}