{"mean":{"confidence_interval":{"confidence_level":0.95,"lower_bound":-0.008316532675451344,"upper_bound":-0.007434164471428528},"point_estimate":-0.007857674080893662,"standard_error":0.00022528284560747262},"median":{"confidence_interval":{"confidence_level":0.95,"lower_bound":-0.006928021806780871,"upper_bound":-0.006095735486763898},"point_estimate":-0.006558628597539973,"standard_error":0.00020395319373454839}}