{"mean":{"confidence_interval":{"confidence_level":0.95,"lower_bound":-0.07465416761072881,"upper_bound":-0.06704908217891192},"point_estimate":-0.07103722443994276,"standard_error":0.0018881779853221641},"median":{"confidence_interval":{"confidence_level":0.95,"lower_bound":-0.07700501042020158,"upper_bound":-0.06521528059874004},"point_estimate":-0.06808713234203312,"standard_error":0.0029266025549526432}}