{"mean":{"confidence_interval":{"confidence_level":0.95,"lower_bound":25518.91389318804,"upper_bound":25548.83299376721},"point_estimate":25533.99339242552,"standard_error":7.617471278233984},"median":{"confidence_interval":{"confidence_level":0.95,"lower_bound":25517.094623655914,"upper_bound":25555.97453310696},"point_estimate":25533.27038669605,"standard_error":8.093247662821875},"median_abs_dev":{"confidence_interval":{"confidence_level":0.95,"lower_bound":34.928780025050735,"upper_bound":74.84767568192117},"point_estimate":58.40978923183725,"standard_error":9.985389304612717},"slope":{"confidence_interval":{"confidence_level":0.95,"lower_bound":25490.63039145621,"upper_bound":25527.55623080478},"point_estimate":25507.613093354877,"standard_error":9.409581816230968},"std_dev":{"confidence_interval":{"confidence_level":0.95,"lower_bound":43.39612769903702,"upper_bound":63.4875313028957},"point_estimate":54.272067433327344,"standard_error":5.137355584926249}}