{"mean":{"confidence_interval":{"confidence_level":0.95,"lower_bound":2.776170909517269,"upper_bound":2.7895480189879422},"point_estimate":2.782876157792292,"standard_error":0.003413860640417759},"median":{"confidence_interval":{"confidence_level":0.95,"lower_bound":2.77655747162151,"upper_bound":2.7839705430074178},"point_estimate":2.779517620180556,"standard_error":0.0018798603130759375}}