{"mean":{"confidence_interval":{"confidence_level":0.95,"lower_bound":-0.06066518894546518,"upper_bound":-0.05291887239615053},"point_estimate":-0.05649197277417861,"standard_error":0.001979316520268693},"median":{"confidence_interval":{"confidence_level":0.95,"lower_bound":-0.06147961822678099,"upper_bound":-0.05308949391439943},"point_estimate":-0.055710549171605006,"standard_error":0.002250388638564677}}