{"mean":{"confidence_interval":{"confidence_level":0.95,"lower_bound":-0.011337181661999485,"upper_bound":-0.010581121454243139},"point_estimate":-0.010945770861332194,"standard_error":0.00019301158738741118},"median":{"confidence_interval":{"confidence_level":0.95,"lower_bound":-0.011340123617106568,"upper_bound":-0.010397249168936884},"point_estimate":-0.010768260567089127,"standard_error":0.00024195830988073497}}