{"mean":{"confidence_interval":{"confidence_level":0.95,"lower_bound":3.1309205050006197,"upper_bound":3.1509733484329554},"point_estimate":3.14081170823214,"standard_error":0.005335784709182551},"median":{"confidence_interval":{"confidence_level":0.95,"lower_bound":3.1166013458814827,"upper_bound":3.134056677477096},"point_estimate":3.1246923237847346,"standard_error":0.005073883491214377}}