{"mean":{"confidence_interval":{"confidence_level":0.95,"lower_bound":0.009252211538680832,"upper_bound":0.009891291773548338},"point_estimate":0.009581620822794568,"standard_error":0.0001624185677788147},"median":{"confidence_interval":{"confidence_level":0.95,"lower_bound":0.009563170879987037,"upper_bound":0.01022809702671215},"point_estimate":0.009910234080922065,"standard_error":0.000166269507919661}}