{"mean":{"confidence_interval":{"confidence_level":0.95,"lower_bound":-0.044688280722571264,"upper_bound":-0.03748512342298135},"point_estimate":-0.041187404587520904,"standard_error":0.0018723132804423855},"median":{"confidence_interval":{"confidence_level":0.95,"lower_bound":-0.04588452624817785,"upper_bound":-0.03445177265966515},"point_estimate":-0.036517713851544786,"standard_error":0.003387921657540992}}