{"mean":{"confidence_interval":{"confidence_level":0.95,"lower_bound":0.0031956677233984155,"upper_bound":0.004576230580718177},"point_estimate":0.0039227967765593785,"standard_error":0.0003508707099515224},"median":{"confidence_interval":{"confidence_level":0.95,"lower_bound":0.00415806436373245,"upper_bound":0.004974398555219306},"point_estimate":0.004507504244733784,"standard_error":0.00021518840039431116}}