{"mean":{"confidence_interval":{"confidence_level":0.95,"lower_bound":1.8222900578517607,"upper_bound":1.8249345159241772},"point_estimate":1.8235010797286968,"standard_error":0.0006729260863154083},"median":{"confidence_interval":{"confidence_level":0.95,"lower_bound":1.8218697492790725,"upper_bound":1.823951564609314},"point_estimate":1.823036167019291,"standard_error":0.0005474564948475207}}