{"mean":{"confidence_interval":{"confidence_level":0.95,"lower_bound":-0.09350950789993939,"upper_bound":-0.0889101589845902},"point_estimate":-0.0915022858289899,"standard_error":0.001148547988758337},"median":{"confidence_interval":{"confidence_level":0.95,"lower_bound":-0.0975968144507875,"upper_bound":-0.09275107619006562},"point_estimate":-0.09603223033230379,"standard_error":0.001512559172514366}}