{"mean":{"confidence_interval":{"confidence_level":0.95,"lower_bound":112213.30848986383,"upper_bound":112402.59305887904},"point_estimate":112305.66821938677,"standard_error":48.37471144527139},"median":{"confidence_interval":{"confidence_level":0.95,"lower_bound":112164.05418719212,"upper_bound":112373.60714285714},"point_estimate":112310.97870879121,"standard_error":59.69311234048943},"median_abs_dev":{"confidence_interval":{"confidence_level":0.95,"lower_bound":224.7174383110241,"upper_bound":457.2804892729524},"point_estimate":328.909496692095,"standard_error":62.41524405529011},"slope":{"confidence_interval":{"confidence_level":0.95,"lower_bound":112104.68149240728,"upper_bound":112278.59402525},"point_estimate":112188.37568849322,"standard_error":44.37213310756507},"std_dev":{"confidence_interval":{"confidence_level":0.95,"lower_bound":266.88001269228283,"upper_bound":422.77022298333844},"point_estimate":346.13298675703425,"standard_error":40.469627352501746}}