{"mean":{"confidence_interval":{"confidence_level":0.95,"lower_bound":0.0014260410372090582,"upper_bound":0.0021822637488437824},"point_estimate":0.0017945657619466981,"standard_error":0.00019345001430217873},"median":{"confidence_interval":{"confidence_level":0.95,"lower_bound":0.0010460139130550328,"upper_bound":0.0018945570782018528},"point_estimate":0.0014937139309560976,"standard_error":0.0002184530669032034}}