{"mean":{"confidence_interval":{"confidence_level":0.95,"lower_bound":1.9760579985158184,"upper_bound":1.9846104651347771},"point_estimate":1.9797524367647328,"standard_error":0.0023591969805517097},"median":{"confidence_interval":{"confidence_level":0.95,"lower_bound":1.975070522150058,"upper_bound":1.9789917237389472},"point_estimate":1.977141850815919,"standard_error":0.00100927494448304}}