{"mean":{"confidence_interval":{"confidence_level":0.95,"lower_bound":-0.05035947086987991,"upper_bound":-0.044234741162312394},"point_estimate":-0.04723721786281421,"standard_error":0.0015917464375805079},"median":{"confidence_interval":{"confidence_level":0.95,"lower_bound":-0.047804902620491196,"upper_bound":-0.04290245319155728},"point_estimate":-0.04438783026508619,"standard_error":0.0012462004476600313}}