{"mean":{"confidence_interval":{"confidence_level":0.95,"lower_bound":81165.27228709683,"upper_bound":81215.64324556454},"point_estimate":81189.59151612899,"standard_error":12.841844161380113},"median":{"confidence_interval":{"confidence_level":0.95,"lower_bound":81145.68548387097,"upper_bound":81198.125},"point_estimate":81165.96370967742,"standard_error":13.523867821071269},"median_abs_dev":{"confidence_interval":{"confidence_level":0.95,"lower_bound":191.54235143814483,"upper_bound":230.10205666084155},"point_estimate":212.8905954139754,"standard_error":9.801684920439563},"slope":null,"std_dev":{"confidence_interval":{"confidence_level":0.95,"lower_bound":234.8479138367473,"upper_bound":347.2941868940067},"point_estimate":286.1328605056699,"standard_error":29.32904946787648}}