{"mean":{"confidence_interval":{"confidence_level":0.95,"lower_bound":266043.9841823035,"upper_bound":266809.1523583078},"point_estimate":266375.0184714535,"standard_error":196.9383978502063},"median":{"confidence_interval":{"confidence_level":0.95,"lower_bound":265763.49494949495,"upper_bound":266222.5714285714},"point_estimate":265920.6881335719,"standard_error":117.49968422636206},"median_abs_dev":{"confidence_interval":{"confidence_level":0.95,"lower_bound":274.553803509559,"upper_bound":821.1044953039117},"point_estimate":463.1526491516385,"standard_error":129.51895089936366},"slope":{"confidence_interval":{"confidence_level":0.95,"lower_bound":265907.81644851237,"upper_bound":266793.757544546},"point_estimate":266339.8002562609,"standard_error":226.5166977627819},"std_dev":{"confidence_interval":{"confidence_level":0.95,"lower_bound":623.877428798673,"upper_bound":2122.3084072384504},"point_estimate":1412.791934788325,"standard_error":437.5497362967348}}