{"mean":{"confidence_interval":{"confidence_level":0.95,"lower_bound":-0.0006105361613499838,"upper_bound":0.0005700333956886183},"point_estimate":-0.00001488750883671397,"standard_error":0.0002987771138319788},"median":{"confidence_interval":{"confidence_level":0.95,"lower_bound":-0.0006130143837884683,"upper_bound":0.00019306704959176635},"point_estimate":-0.0002431289449729146,"standard_error":0.0002001699915624092}}