{"mean":{"confidence_interval":{"confidence_level":0.95,"lower_bound":1.3910826652802286,"upper_bound":1.39322020955177},"point_estimate":1.3921762406393459,"standard_error":0.0005435608620421484},"median":{"confidence_interval":{"confidence_level":0.95,"lower_bound":1.3915995437814503,"upper_bound":1.3932481674432018},"point_estimate":1.3925003460648764,"standard_error":0.0004201718944930007}}