{"mean":{"confidence_interval":{"confidence_level":0.95,"lower_bound":-0.08258251452549654,"upper_bound":-0.07413231455714606},"point_estimate":-0.07839359699401849,"standard_error":0.002154540767740186},"median":{"confidence_interval":{"confidence_level":0.95,"lower_bound":-0.08747570094178081,"upper_bound":-0.07243449786373075},"point_estimate":-0.08473027887987872,"standard_error":0.004198575600697636}}