{"mean":{"confidence_interval":{"confidence_level":0.95,"lower_bound":708804.1988850321,"upper_bound":713266.8884141662},"point_estimate":710958.0950733571,"standard_error":1141.0792886704298},"median":{"confidence_interval":{"confidence_level":0.95,"lower_bound":705274.8875,"upper_bound":709402.4621212122},"point_estimate":706701.6609195402,"standard_error":1261.562264095759},"median_abs_dev":{"confidence_interval":{"confidence_level":0.95,"lower_bound":1441.444387857563,"upper_bound":7251.629073816026},"point_estimate":3527.0932837229716,"standard_error":1724.8685571670578},"slope":{"confidence_interval":{"confidence_level":0.95,"lower_bound":708923.8044020426,"upper_bound":716403.4829930115},"point_estimate":712582.443855562,"standard_error":1932.756047540488},"std_dev":{"confidence_interval":{"confidence_level":0.95,"lower_bound":6521.711087960855,"upper_bound":9326.57177283708},"point_estimate":8197.53611332389,"standard_error":714.7082321969139}}