{"mean":{"confidence_interval":{"confidence_level":0.95,"lower_bound":-0.09382829506529258,"upper_bound":-0.09028358543943082},"point_estimate":-0.09209567310559963,"standard_error":0.0009021777806323658},"median":{"confidence_interval":{"confidence_level":0.95,"lower_bound":-0.0937405716599784,"upper_bound":-0.09223347830931994},"point_estimate":-0.09311330106133353,"standard_error":0.0003802206530318588}}