{"mean":{"confidence_interval":{"confidence_level":0.95,"lower_bound":2.1473468224092334,"upper_bound":2.1683507357494722},"point_estimate":2.158998219465115,"standard_error":0.005406077102953092},"median":{"confidence_interval":{"confidence_level":0.95,"lower_bound":2.1493906001039242,"upper_bound":2.186009682811529},"point_estimate":2.17136415891966,"standard_error":0.009046730644696372}}