{"mean":{"confidence_interval":{"confidence_level":0.95,"lower_bound":-0.058068884675532506,"upper_bound":-0.05568030784739697},"point_estimate":-0.05679535310845596,"standard_error":0.0006058011424541715},"median":{"confidence_interval":{"confidence_level":0.95,"lower_bound":-0.058689903267488686,"upper_bound":-0.057481801366000895},"point_estimate":-0.05798373788682809,"standard_error":0.0002988054047970175}}