{"mean":{"confidence_interval":{"confidence_level":0.95,"lower_bound":165990.45721311486,"upper_bound":166077.00114508183},"point_estimate":166033.26285245924,"standard_error":22.08172464589086},"median":{"confidence_interval":{"confidence_level":0.95,"lower_bound":165919.67213114753,"upper_bound":165992.868852459},"point_estimate":165959.4262295082,"standard_error":17.519912125352405},"median_abs_dev":{"confidence_interval":{"confidence_level":0.95,"lower_bound":347.69399874523145,"upper_bound":450.6982395395006},"point_estimate":394.3594405396927,"standard_error":26.67280346768081},"slope":null,"std_dev":{"confidence_interval":{"confidence_level":0.95,"lower_bound":424.8620757727825,"upper_bound":569.7581912860809},"point_estimate":494.313800253521,"standard_error":37.26815152861564}}