{"mean":{"confidence_interval":{"confidence_level":0.95,"lower_bound":-0.11548755131597133,"upper_bound":-0.11360116195686387},"point_estimate":-0.1145332479689799,"standard_error":0.00048222595101329684},"median":{"confidence_interval":{"confidence_level":0.95,"lower_bound":-0.1156827617692902,"upper_bound":-0.1137139081028441},"point_estimate":-0.1146129957274139,"standard_error":0.000496898150008569}}