{"mean":{"confidence_interval":{"confidence_level":0.95,"lower_bound":-0.021390976272618052,"upper_bound":-0.02016436369847099},"point_estimate":-0.020790694229568585,"standard_error":0.0003099656111727624},"median":{"confidence_interval":{"confidence_level":0.95,"lower_bound":-0.02079622636365682,"upper_bound":-0.020138018632333905},"point_estimate":-0.020408538382118424,"standard_error":0.0001610000956073297}}