{"mean":{"confidence_interval":{"confidence_level":0.95,"lower_bound":1.9181962884632373,"upper_bound":1.921722547260646},"point_estimate":1.9198129403489688,"standard_error":0.0008787449332816407},"median":{"confidence_interval":{"confidence_level":0.95,"lower_bound":1.9186502014941462,"upper_bound":1.9196997686518253},"point_estimate":1.9192053440266017,"standard_error":0.0002680807688009608}}