{"mean":{"confidence_interval":{"confidence_level":0.95,"lower_bound":1.611965838142417,"upper_bound":1.6160006178122022},"point_estimate":1.6137536725334312,"standard_error":0.001013327440304088},"median":{"confidence_interval":{"confidence_level":0.95,"lower_bound":1.611873908786717,"upper_bound":1.6139724981448675},"point_estimate":1.6130260464140131,"standard_error":0.0005297010792364155}}