{"mean":{"confidence_interval":{"confidence_level":0.95,"lower_bound":-0.08503048843730387,"upper_bound":-0.08226660644336875},"point_estimate":-0.08379430215212391,"standard_error":0.0007054733733136937},"median":{"confidence_interval":{"confidence_level":0.95,"lower_bound":-0.08501656678814251,"upper_bound":-0.08334865496499111},"point_estimate":-0.08418761522959617,"standard_error":0.000498624951845852}}