{"mean":{"confidence_interval":{"confidence_level":0.95,"lower_bound":-0.0005194067034869354,"upper_bound":0.0005571512239784524},"point_estimate":0.000031941368304089224,"standard_error":0.0002762179433305453},"median":{"confidence_interval":{"confidence_level":0.95,"lower_bound":0.00036019221741168117,"upper_bound":0.0008450291241304253},"point_estimate":0.0005832902696765174,"standard_error":0.00011934270130988878}}