{"mean":{"confidence_interval":{"confidence_level":0.95,"lower_bound":184683.627183636,"upper_bound":184775.06292727246},"point_estimate":184729.02440000002,"standard_error":23.245666495312424},"median":{"confidence_interval":{"confidence_level":0.95,"lower_bound":184647.54545454547,"upper_bound":184746.23636363636},"point_estimate":184701.54545454547,"standard_error":25.10861038654084},"median_abs_dev":{"confidence_interval":{"confidence_level":0.95,"lower_bound":418.25493075630055,"upper_bound":504.07051286911553},"point_estimate":460.8190281824985,"standard_error":21.860074265110384},"slope":null,"std_dev":{"confidence_interval":{"confidence_level":0.95,"lower_bound":473.7151519061891,"upper_bound":565.9696337384052},"point_estimate":519.9045846914016,"standard_error":23.5067215983917}}