{"mean":{"confidence_interval":{"confidence_level":0.95,"lower_bound":-0.10801973877830395,"upper_bound":-0.10623915502581016},"point_estimate":-0.10716046938817403,"standard_error":0.00045239865404984127},"median":{"confidence_interval":{"confidence_level":0.95,"lower_bound":-0.10840269684846238,"upper_bound":-0.10689276392651803},"point_estimate":-0.10752295849701365,"standard_error":0.00040256796786330046}}