{"mean":{"confidence_interval":{"confidence_level":0.95,"lower_bound":-0.0055084729020202965,"upper_bound":-0.0028493662436295942},"point_estimate":-0.004189121634431525,"standard_error":0.0006672042658424095},"median":{"confidence_interval":{"confidence_level":0.95,"lower_bound":-0.0037701923725735886,"upper_bound":-0.003136465004016764},"point_estimate":-0.003519727521995808,"standard_error":0.0001577077145007538}}