{"mean":{"confidence_interval":{"confidence_level":0.95,"lower_bound":2.035802659505818,"upper_bound":2.0579706402996223},"point_estimate":2.046979082366177,"standard_error":0.00592161050910918},"median":{"confidence_interval":{"confidence_level":0.95,"lower_bound":2.028087803843253,"upper_bound":2.036990632901952},"point_estimate":2.0297084045858775,"standard_error":0.002348321535594098}}