{"mean":{"confidence_interval":{"confidence_level":0.95,"lower_bound":24036.247237308387,"upper_bound":24087.889174884724},"point_estimate":24059.332203385424,"standard_error":13.304933188006643},"median":{"confidence_interval":{"confidence_level":0.95,"lower_bound":24017.700372711068,"upper_bound":24040.76157262278},"point_estimate":24023.08642880417,"standard_error":5.9821140362544085},"median_abs_dev":{"confidence_interval":{"confidence_level":0.95,"lower_bound":13.011566113289314,"upper_bound":38.197553144170385},"point_estimate":28.57801338315609,"standard_error":5.927978796671304},"slope":{"confidence_interval":{"confidence_level":0.95,"lower_bound":24027.306322143606,"upper_bound":24070.886509028645},"point_estimate":24045.227755246113,"standard_error":11.18544423252191},"std_dev":{"confidence_interval":{"confidence_level":0.95,"lower_bound":47.85123391594676,"upper_bound":133.97033632426323},"point_estimate":95.0662128505824,"standard_error":22.401751153231316}}