{"mean":{"confidence_interval":{"confidence_level":0.95,"lower_bound":2.2811307921232573,"upper_bound":2.2902238835465067},"point_estimate":2.286487148883721,"standard_error":0.0023405948457031903},"median":{"confidence_interval":{"confidence_level":0.95,"lower_bound":2.28527313188021,"upper_bound":2.288537569942358},"point_estimate":2.287116039671811,"standard_error":0.0008007871212041105}}