{"mean":{"confidence_interval":{"confidence_level":0.95,"lower_bound":-0.030064657746465346,"upper_bound":-0.02283593144229999},"point_estimate":-0.02631336247242755,"standard_error":0.0018360412193202814},"median":{"confidence_interval":{"confidence_level":0.95,"lower_bound":-0.025322916156517272,"upper_bound":-0.018095888048026976},"point_estimate":-0.021181227974690464,"standard_error":0.0016316272663789123}}