{"mean":{"confidence_interval":{"confidence_level":0.95,"lower_bound":0.01190241364704252,"upper_bound":0.014463493404774513},"point_estimate":0.012968979327440566,"standard_error":0.0007003480881476068},"median":{"confidence_interval":{"confidence_level":0.95,"lower_bound":0.012517927247395422,"upper_bound":0.012968687424504938},"point_estimate":0.012707756753113975,"standard_error":0.00011370916492471244}}