{"mean":{"confidence_interval":{"confidence_level":0.95,"lower_bound":748730.1040209793,"upper_bound":752212.5830784643},"point_estimate":750224.8433683522,"standard_error":900.4641375144771},"median":{"confidence_interval":{"confidence_level":0.95,"lower_bound":747893.7418831169,"upper_bound":750030.2666666667},"point_estimate":748677.3125,"standard_error":619.275172005183},"median_abs_dev":{"confidence_interval":{"confidence_level":0.95,"lower_bound":2019.0060647651187,"upper_bound":4177.178712261911},"point_estimate":2816.328377500211,"standard_error":571.0181012656102},"slope":{"confidence_interval":{"confidence_level":0.95,"lower_bound":746850.7476518755,"upper_bound":748068.9743346384},"point_estimate":747428.040209668,"standard_error":310.2863143792386},"std_dev":{"confidence_interval":{"confidence_level":0.95,"lower_bound":2715.013641338578,"upper_bound":9899.550615644423},"point_estimate":6465.69887655001,"standard_error":2144.2997038700123}}