{"mean":{"confidence_interval":{"confidence_level":0.95,"lower_bound":212610.28324893597,"upper_bound":212695.92632553188},"point_estimate":212651.92642553197,"standard_error":21.827083395568295},"median":{"confidence_interval":{"confidence_level":0.95,"lower_bound":212562.54255319148,"upper_bound":212638.82978723405},"point_estimate":212596.04255319148,"standard_error":20.219236337571047},"median_abs_dev":{"confidence_interval":{"confidence_level":0.95,"lower_bound":344.1051449547338,"upper_bound":422.7775776005755},"point_estimate":377.87372520628935,"standard_error":19.841109785327188},"slope":null,"std_dev":{"confidence_interval":{"confidence_level":0.95,"lower_bound":422.71259816702036,"upper_bound":553.4387670027498},"point_estimate":487.5817839921801,"standard_error":33.50694783865541}}