{"mean":{"confidence_interval":{"confidence_level":0.95,"lower_bound":0.004917875496217627,"upper_bound":0.005830149939677787},"point_estimate":0.0053724086057702625,"standard_error":0.000233026542073295},"median":{"confidence_interval":{"confidence_level":0.95,"lower_bound":0.004907518412502909,"upper_bound":0.005341432642456567},"point_estimate":0.0051501707958721,"standard_error":0.00011147419424351778}}