{"mean":{"confidence_interval":{"confidence_level":0.95,"lower_bound":-0.07702081400450143,"upper_bound":-0.06954055414215798},"point_estimate":-0.07334262830091276,"standard_error":0.0019077331281866557},"median":{"confidence_interval":{"confidence_level":0.95,"lower_bound":-0.08026146124795108,"upper_bound":-0.067577713288545},"point_estimate":-0.07173741814916912,"standard_error":0.0031982639734422984}}