{"mean":{"confidence_interval":{"confidence_level":0.95,"lower_bound":1.6140918973302183,"upper_bound":1.6203421008456425},"point_estimate":1.6168266057892358,"standard_error":0.0015324157584596931},"median":{"confidence_interval":{"confidence_level":0.95,"lower_bound":1.613020635989616,"upper_bound":1.6156424048870242},"point_estimate":1.613823374530961,"standard_error":0.0006677603800625586}}