{"mean":{"confidence_interval":{"confidence_level":0.95,"lower_bound":0.0005401198510851749,"upper_bound":0.004557130856661207},"point_estimate":0.0024920454774328693,"standard_error":0.0010090738170417718},"median":{"confidence_interval":{"confidence_level":0.95,"lower_bound":0.002453190732232491,"upper_bound":0.0031457586965921713},"point_estimate":0.002747047935635294,"standard_error":0.00017839011695750684}}