{"mean":{"confidence_interval":{"confidence_level":0.95,"lower_bound":1.7585831453717695,"upper_bound":1.7782776783739507},"point_estimate":1.768721964309703,"standard_error":0.005000871276148833},"median":{"confidence_interval":{"confidence_level":0.95,"lower_bound":1.747584445624297,"upper_bound":1.7869313679336027},"point_estimate":1.7680755778123278,"standard_error":0.012290040792804508}}