{"mean":{"confidence_interval":{"confidence_level":0.95,"lower_bound":-0.08154192613690991,"upper_bound":-0.07899062453389463},"point_estimate":-0.08024136143040705,"standard_error":0.0006511460632470832},"median":{"confidence_interval":{"confidence_level":0.95,"lower_bound":-0.08079140217106395,"upper_bound":-0.07960123661747853},"point_estimate":-0.080244271593236,"standard_error":0.0002956836449166214}}