{"mean":{"confidence_interval":{"confidence_level":0.95,"lower_bound":191804.49746509452,"upper_bound":191895.42405188666},"point_estimate":191849.44992452825,"standard_error":23.264123457891102},"median":{"confidence_interval":{"confidence_level":0.95,"lower_bound":191761.98113207548,"upper_bound":191887.1603773585},"point_estimate":191843.56603773584,"standard_error":32.72316655348202},"median_abs_dev":{"confidence_interval":{"confidence_level":0.95,"lower_bound":426.23350564035394,"upper_bound":512.0865342105483},"point_estimate":467.774278487792,"standard_error":21.6084902834856},"slope":null,"std_dev":{"confidence_interval":{"confidence_level":0.95,"lower_bound":466.2981557440157,"upper_bound":575.0482181619147},"point_estimate":519.9628326351938,"standard_error":27.884256892160877}}