{"mean":{"confidence_interval":{"confidence_level":0.95,"lower_bound":0.0007547179377093486,"upper_bound":0.0015422964297048757},"point_estimate":0.0011743364045830873,"standard_error":0.0002010866829644948},"median":{"confidence_interval":{"confidence_level":0.95,"lower_bound":0.0006967341816737083,"upper_bound":0.0015666132716052328},"point_estimate":0.0011141409872470476,"standard_error":0.00021703162086768042}}