{"mean":{"confidence_interval":{"confidence_level":0.95,"lower_bound":2.821461221592207,"upper_bound":2.831157476848675},"point_estimate":2.825836707288181,"standard_error":0.0025046481923943916},"median":{"confidence_interval":{"confidence_level":0.95,"lower_bound":2.8198561710722663,"upper_bound":2.8225937708541764},"point_estimate":2.8212567713662873,"standard_error":0.0007047661613963438}}