{"mean":{"confidence_interval":{"confidence_level":0.95,"lower_bound":-0.06219316115550025,"upper_bound":-0.05570009426332978},"point_estimate":-0.05918213165534669,"standard_error":0.001677960756450987},"median":{"confidence_interval":{"confidence_level":0.95,"lower_bound":-0.06670917758495343,"upper_bound":-0.06022615676520049},"point_estimate":-0.06380081233255241,"standard_error":0.001798092296290616}}