{"mean":{"confidence_interval":{"confidence_level":0.95,"lower_bound":-0.007827902694298611,"upper_bound":-0.004221234660266582},"point_estimate":-0.006177727541385458,"standard_error":0.0009094241912331555},"median":{"confidence_interval":{"confidence_level":0.95,"lower_bound":-0.007124779797623382,"upper_bound":-0.006347416395107153},"point_estimate":-0.006790965517380454,"standard_error":0.00019714587912357032}}