{"mean":{"confidence_interval":{"confidence_level":0.95,"lower_bound":-0.07495708885869563,"upper_bound":-0.06787848363041221},"point_estimate":-0.07167434485496593,"standard_error":0.001822471163553222},"median":{"confidence_interval":{"confidence_level":0.95,"lower_bound":-0.07819303370224917,"upper_bound":-0.07135177549124438},"point_estimate":-0.0755587645204806,"standard_error":0.001974042504211042}}