{"mean":{"confidence_interval":{"confidence_level":0.95,"lower_bound":2.331991770520997,"upper_bound":2.345332908941552},"point_estimate":2.3391575966449745,"standard_error":0.003352347640216321},"median":{"confidence_interval":{"confidence_level":0.95,"lower_bound":2.341387120335185,"upper_bound":2.344518862548526},"point_estimate":2.34269189181171,"standard_error":0.0008317249069478697}}