{"mean":{"confidence_interval":{"confidence_level":0.95,"lower_bound":24601.441453175485,"upper_bound":24641.552093854636},"point_estimate":24620.839135152968,"standard_error":10.17905717707549},"median":{"confidence_interval":{"confidence_level":0.95,"lower_bound":24589.51893939394,"upper_bound":24641.897727272728},"point_estimate":24614.179681429683,"standard_error":12.13421040808626},"median_abs_dev":{"confidence_interval":{"confidence_level":0.95,"lower_bound":39.76482581909187,"upper_bound":87.48938690066673},"point_estimate":62.5372649503472,"standard_error":12.067278372050929},"slope":{"confidence_interval":{"confidence_level":0.95,"lower_bound":24568.514857934286,"upper_bound":24609.371201992268},"point_estimate":24587.259461004924,"standard_error":10.442098160608378},"std_dev":{"confidence_interval":{"confidence_level":0.95,"lower_bound":51.83183499760186,"upper_bound":94.60592746739009},"point_estimate":72.91982023872983,"standard_error":11.306994806160382}}